{
  "eval_loss": 0.13804839551448822,
  "eval_exact_match": 0.8854172729706762,
  "eval_hamming_loss": 0.03401511006600468,
  "eval_micro_f1": 0.9659848899339953,
  "eval_macro_f1": 0.9204614266909847,
  "eval_f1_맛": 0.9349313009089907,
  "eval_f1_가격": 0.9768811663700426,
  "eval_f1_서비스": 0.9765870113309085,
  "eval_f1_분위기": 0.9736397000045945,
  "eval_runtime": 54.1847,
  "eval_samples_per_second": 1585.373,
  "eval_steps_per_second": 49.553,
  "epoch": 5.0
}